N,arm,sessions,sessionsFailed,meanInputTokens,meanCachedInputTokens,meanCostUsd,meanCostUsdNoCache,meanProbeCostUsd,recallAccuracy,recallCorrect,recallTotal,costMinRep,costMaxRep,inputMinRep,inputMaxRep,recallMinRep,recallMaxRep,costVsA
10,A,2,0,8457,3200,0.100406,0.104006,0.0293768,1,16,16,0.100406,0.100406,8457,8457,1,1,1
10,B,2,0,8760,,0.110605,0.110605,0.0451088,1,16,16,0.110605,0.110605,8760,8760,1,1,1.10157
10,C,2,0,8582.50,3392,0.108772,0.112588,0.0286358,1,16,16,0.108772,0.108772,8582.50,8582.50,1,1,1.08332
30,A,2,0,87206.5,70912,0.293502,0.373278,0.0350128,1,16,16,0.293502,0.293502,87206.5,87206.5,1,1,1
30,B,2,0,84696,,0.370480,0.370480,0.0823738,1,16,16,0.370480,0.370480,84696,84696,1,1,1.26227
30,C,2,0,48762.5,5568,0.319299,0.325563,0.0443368,0.187500,3,16,0.319299,0.319299,48762.5,48762.5,0.187500,0.187500,1.08789
60,A,2,0,357293,328512,0.583385,0.952961,0.0388517,1,16,16,0.583385,0.583385,357293,357293,1,1,1
60,B,2,1,243123,,0.745584,0.745584,0.0729575,1,8,8,0.745584,0.745584,243123,243123,1,1,1.27803
60,C,2,0,114250,5248,0.661544,0.667447,0.0405998,0.125000,2,16,0.661544,0.661544,114250,114250,0.125000,0.125000,1.13397
100,A,2,2,NaN,NaN,NaN,NaN,NaN,NaN,0,0,Infinity,-Infinity,Infinity,-Infinity,Infinity,-Infinity,NaN
100,B,2,2,NaN,,NaN,NaN,NaN,NaN,0,0,Infinity,-Infinity,Infinity,-Infinity,Infinity,-Infinity,NaN
100,C,2,2,NaN,NaN,NaN,NaN,NaN,NaN,0,0,Infinity,-Infinity,Infinity,-Infinity,Infinity,-Infinity,NaN
